<?xml version="1.0"?>
<!--  
	===============================================================================
	Example query that selects the best matching chapter from each book
	=================================================================================
 -->

<PerParentLimitedQuery maxNumChildren="1">    
	<Query>
		<UserQuery>London</UserQuery>
	</Query>
	<ParentsFilter>
		<CachedFilter>
			<TermsFilter fieldName="docType">book</TermsFilter>
		</CachedFilter>
	</ParentsFilter>	
</PerParentLimitedQuery>